"CustomerID","Gender","Location","Age","ProductID","Product_name","Product_Description","Product_Category","Stock","Price","TransactionID","Transaction_Date","Total_Price","Quantity","VoucherID","Voucher_name","Voucher_status","Discount","PMID","Method_name","statusvc_id","locID","categoryID"
12431,Female,New Jersey,39,GGOEWEBB082199,OLANLY Luxury Bathroom Rug Mat 24x16,"OLANLY Luxury Bathroom Rug Mat 24x16, Extra Soft and Absorbent Microfiber Bath Rugs, Non-Slip Plush Shaggy Bath Carpet, Machine Wash Dry, Bath Mats for Bathroom Floor, Tub and Shower, Grey",Home Furniture,100000,9.89,1000038,"2021-04-24",5.93,1,ELEC40,Discount 40%,Used,40.00,PM03,Digital Wallets,1,4,3
16218,Male,Chicago,57,GGOEWEBB082299,Clorox Toilet Plunger with Hideaway Storage Caddy,"Clorox Toilet Plunger with Hideaway Storage Caddy, 6.5 x 6.5 x 19.5, White/Gray",Home Furniture,100000,15.99,1000129,"2021-03-21",31.98,2,ELEC10,Discount 10%,Clicked,10.00,PM04,Other,2,3,3
16219,Male,Chicago,52,GGOEWEBB082399,KOHLER 4636-RL-0 Cachet ReadyLatch Elongated Toilet Seat,"KOHLER 4636-RL-0 Cachet ReadyLatch Elongated Toilet Seat, Quiet-Close Lid and Seat, Countoured Seat, Grip-Tight Bumpers and Installation Hardware, White",Home Furniture,100000,39.60,1000130,"2021-04-01",39.60,1,ELEC10,Discount 10%,Not Used,10.00,PM01,Card,3,3,3
16220,Male,Chicago,55,GGOEWEBB082399,KOHLER 4636-RL-0 Cachet ReadyLatch Elongated Toilet Seat,"KOHLER 4636-RL-0 Cachet ReadyLatch Elongated Toilet Seat, Quiet-Close Lid and Seat, Countoured Seat, Grip-Tight Bumpers and Installation Hardware, White",Home Furniture,100000,39.60,1000131,"2021-03-19",39.60,1,ELEC10,Discount 10%,Clicked,10.00,PM04,Other,2,3,3
16221,Male,Chicago,47,GGOEWEBB082399,KOHLER 4636-RL-0 Cachet ReadyLatch Elongated Toilet Seat,"KOHLER 4636-RL-0 Cachet ReadyLatch Elongated Toilet Seat, Quiet-Close Lid and Seat, Countoured Seat, Grip-Tight Bumpers and Installation Hardware, White",Home Furniture,100000,39.60,1000132,"2021-10-20",39.60,1,ELEC10,Discount 10%,Clicked,10.00,PM03,Digital Wallets,2,3,3
16222,Male,Chicago,36,GGOEWEBB082399,KOHLER 4636-RL-0 Cachet ReadyLatch Elongated Toilet Seat,"KOHLER 4636-RL-0 Cachet ReadyLatch Elongated Toilet Seat, Quiet-Close Lid and Seat, Countoured Seat, Grip-Tight Bumpers and Installation Hardware, White",Home Furniture,100000,39.60,1000133,"2021-09-11",39.60,1,ELEC10,Discount 10%,Not Used,10.00,PM01,Card,3,3,3
16223,Male,Chicago,62,GGOEWEBB082399,KOHLER 4636-RL-0 Cachet ReadyLatch Elongated Toilet Seat,"KOHLER 4636-RL-0 Cachet ReadyLatch Elongated Toilet Seat, Quiet-Close Lid and Seat, Countoured Seat, Grip-Tight Bumpers and Installation Hardware, White",Home Furniture,100000,39.60,1000134,"2021-06-01",39.60,1,ELEC10,Discount 10%,Clicked,10.00,PM01,Card,2,3,3
16224,Male,Chicago,50,GGOEWEBB082399,KOHLER 4636-RL-0 Cachet ReadyLatch Elongated Toilet Seat,"KOHLER 4636-RL-0 Cachet ReadyLatch Elongated Toilet Seat, Quiet-Close Lid and Seat, Countoured Seat, Grip-Tight Bumpers and Installation Hardware, White",Home Furniture,100000,39.60,1000135,"2021-01-03",39.60,1,ELEC10,Discount 10%,Not Used,10.00,PM03,Digital Wallets,3,3,3
16225,Male,Chicago,56,GGOEWEBB082399,KOHLER 4636-RL-0 Cachet ReadyLatch Elongated Toilet Seat,"KOHLER 4636-RL-0 Cachet ReadyLatch Elongated Toilet Seat, Quiet-Close Lid and Seat, Countoured Seat, Grip-Tight Bumpers and Installation Hardware, White",Home Furniture,100000,39.60,1000136,"2021-03-12",39.60,1,ELEC10,Discount 10%,Clicked,10.00,PM01,Card,2,3,3
16226,Male,Chicago,20,GGOEWEBB082399,KOHLER 4636-RL-0 Cachet ReadyLatch Elongated Toilet Seat,"KOHLER 4636-RL-0 Cachet ReadyLatch Elongated Toilet Seat, Quiet-Close Lid and Seat, Countoured Seat, Grip-Tight Bumpers and Installation Hardware, White",Home Furniture,100000,39.60,1000137,"2021-04-22",237.60,6,ELEC10,Discount 10%,Clicked,10.00,PM04,Other,2,3,3
16227,Male,Chicago,58,GGOEWEBB082399,KOHLER 4636-RL-0 Cachet ReadyLatch Elongated Toilet Seat,"KOHLER 4636-RL-0 Cachet ReadyLatch Elongated Toilet Seat, Quiet-Close Lid and Seat, Countoured Seat, Grip-Tight Bumpers and Installation Hardware, White",Home Furniture,100000,39.60,1000138,"2021-12-12",277.20,7,ELEC10,Discount 10%,Not Used,10.00,PM04,Other,3,3,3
16228,Male,Chicago,46,GGOEWEBB082399,KOHLER 4636-RL-0 Cachet ReadyLatch Elongated Toilet Seat,"KOHLER 4636-RL-0 Cachet ReadyLatch Elongated Toilet Seat, Quiet-Close Lid and Seat, Countoured Seat, Grip-Tight Bumpers and Installation Hardware, White",Home Furniture,100000,39.60,1000139,"2021-07-23",39.60,1,ELEC10,Discount 10%,Clicked,10.00,PM02,Paypal,2,3,3
16229,Female,California,37,GGOEWEBB082399,KOHLER 4636-RL-0 Cachet ReadyLatch Elongated Toilet Seat,"KOHLER 4636-RL-0 Cachet ReadyLatch Elongated Toilet Seat, Quiet-Close Lid and Seat, Countoured Seat, Grip-Tight Bumpers and Installation Hardware, White",Home Furniture,100000,39.60,1000140,"2021-06-17",39.60,1,ELEC10,Discount 10%,Clicked,10.00,PM03,Digital Wallets,2,1,3
16230,Female,California,46,GGOEWEBB082499,Rubbermaid Commercial 15 Inch Toilet Brush,"Rubbermaid Commercial 15 Inch Toilet Brush, Toilet Bowl-Cleaner for Bathroom, Scrub Brush for Toilet",Home Furniture,100000,3.69,1000141,"2021-03-25",3.69,1,ELEC10,Discount 10%,Clicked,10.00,PM02,Paypal,2,1,3
16231,Female,California,62,GGOEWEBB082499,Rubbermaid Commercial 15 Inch Toilet Brush,"Rubbermaid Commercial 15 Inch Toilet Brush, Toilet Bowl-Cleaner for Bathroom, Scrub Brush for Toilet",Home Furniture,100000,3.69,1000142,"2021-02-20",11.07,3,ELEC10,Discount 10%,Clicked,10.00,PM03,Digital Wallets,2,1,3
16232,Female,California,63,GGOEAAAJ032445,Men's Crewneck Sweatshirts Soild Color,Men's Crewneck Sweatshirts Soild Color Geometric Texture Long Sleeve Casual Pullover Shirt,Apparel,100000,24.99,1000143,"2021-03-07",44.98,2,ELEC10,Discount 10%,Used,10.00,PM03,Digital Wallets,1,1,1
16233,Female,California,63,GGOEWEBB082499,Rubbermaid Commercial 15 Inch Toilet Brush,"Rubbermaid Commercial 15 Inch Toilet Brush, Toilet Bowl-Cleaner for Bathroom, Scrub Brush for Toilet",Home Furniture,100000,3.69,1000144,"2021-02-26",3.69,1,ELEC10,Discount 10%,Not Used,10.00,PM04,Other,3,1,3
16234,Female,California,59,GGOEWEBB082499,Rubbermaid Commercial 15 Inch Toilet Brush,"Rubbermaid Commercial 15 Inch Toilet Brush, Toilet Bowl-Cleaner for Bathroom, Scrub Brush for Toilet",Home Furniture,100000,3.69,1000145,"2021-12-14",7.38,2,ELEC10,Discount 10%,Clicked,10.00,PM03,Digital Wallets,2,1,3
16235,Female,California,23,GGOEWEBB082499,Rubbermaid Commercial 15 Inch Toilet Brush,"Rubbermaid Commercial 15 Inch Toilet Brush, Toilet Bowl-Cleaner for Bathroom, Scrub Brush for Toilet",Home Furniture,100000,3.69,1000146,"2021-01-22",3.69,1,ELEC10,Discount 10%,Not Used,10.00,PM02,Paypal,3,1,3
16236,Female,California,44,GGOEWEBB082599,Moen YB8099CH Mason Toilet Paper Roller,"Moen YB8099CH Mason Toilet Paper Roller, Chrome",Home Furniture,100000,1.59,1000147,"2021-02-14",1.59,1,ELEC10,Discount 10%,Clicked,10.00,PM02,Paypal,2,1,3
16237,Female,California,31,GGOEWEBB082599,Moen YB8099CH Mason Toilet Paper Roller,"Moen YB8099CH Mason Toilet Paper Roller, Chrome",Home Furniture,100000,1.59,1000148,"2021-05-11",3.18,2,ELEC10,Discount 10%,Not Used,10.00,PM02,Paypal,3,1,3
16238,Female,California,53,GGOEWEBB082599,Moen YB8099CH Mason Toilet Paper Roller,"Moen YB8099CH Mason Toilet Paper Roller, Chrome",Home Furniture,100000,1.59,1000149,"2021-06-22",1.59,1,ELEC10,Discount 10%,Clicked,10.00,PM01,Card,2,1,3
16239,Female,California,35,GGOEWEBB082599,Moen YB8099CH Mason Toilet Paper Roller,"Moen YB8099CH Mason Toilet Paper Roller, Chrome",Home Furniture,100000,1.59,1000150,"2021-07-23",7.95,5,ELEC10,Discount 10%,Not Used,10.00,PM02,Paypal,3,1,3
16240,Female,California,47,GGOEWEBB082599,Moen YB8099CH Mason Toilet Paper Roller,"Moen YB8099CH Mason Toilet Paper Roller, Chrome",Home Furniture,100000,1.59,1000151,"2021-06-04",1.59,1,ELEC10,Discount 10%,Not Used,10.00,PM03,Digital Wallets,3,1,3
16241,Female,California,34,GGOEWEBB082599,Moen YB8099CH Mason Toilet Paper Roller,"Moen YB8099CH Mason Toilet Paper Roller, Chrome",Home Furniture,100000,1.59,1000152,"2021-09-25",1.59,1,ELEC10,Discount 10%,Not Used,10.00,PM02,Paypal,3,1,3
16242,Female,California,52,GGOEWEBB082599,Moen YB8099CH Mason Toilet Paper Roller,"Moen YB8099CH Mason Toilet Paper Roller, Chrome",Home Furniture,100000,1.59,1000153,"2021-03-13",12.72,8,ELEC10,Discount 10%,Not Used,10.00,PM01,Card,3,1,3
16243,Female,California,26,GGOEYDHJ056019,bubba Flo Duo Refresh Insulated Water Bottle 24 oz (TEAL),"bubba Flo Duo Refresh Insulated Water Bottle, 24 oz, TEAL (TEAL)",Bottles,100000,19.99,1000154,"2021-03-06",19.99,1,ELEC10,Discount 10%,Clicked,10.00,PM03,Digital Wallets,2,1,4
16244,Female,California,17,GGOEYDHJ056019,bubba Flo Duo Refresh Insulated Water Bottle 24 oz (TEAL),"bubba Flo Duo Refresh Insulated Water Bottle, 24 oz, TEAL (TEAL)",Bottles,100000,19.99,1000155,"2021-07-29",139.93,7,ELEC10,Discount 10%,Clicked,10.00,PM04,Other,2,1,4
16245,Female,California,37,GGOEYDHJ056019,bubba Flo Duo Refresh Insulated Water Bottle 24 oz (TEAL),"bubba Flo Duo Refresh Insulated Water Bottle, 24 oz, TEAL (TEAL)",Bottles,100000,19.99,1000156,"2021-01-12",19.99,1,ELEC10,Discount 10%,Not Used,10.00,PM02,Paypal,3,1,4
16246,Female,California,52,GGOEYDHJ056019,bubba Flo Duo Refresh Insulated Water Bottle 24 oz (TEAL),"bubba Flo Duo Refresh Insulated Water Bottle, 24 oz, TEAL (TEAL)",Bottles,100000,19.99,1000157,"2021-06-17",199.90,10,ELEC10,Discount 10%,Not Used,10.00,PM02,Paypal,3,1,4
16247,Female,California,54,GGOEYDHJ056019,bubba Flo Duo Refresh Insulated Water Bottle 24 oz (TEAL),"bubba Flo Duo Refresh Insulated Water Bottle, 24 oz, TEAL (TEAL)",Bottles,100000,19.99,1000158,"2021-09-07",19.99,1,ELEC10,Discount 10%,Not Used,10.00,PM02,Paypal,3,1,4
16248,Female,California,34,GGOEYDHJ056019,bubba Flo Duo Refresh Insulated Water Bottle 24 oz (TEAL),"bubba Flo Duo Refresh Insulated Water Bottle, 24 oz, TEAL (TEAL)",Bottles,100000,19.99,1000159,"2021-04-08",19.99,1,ELEC10,Discount 10%,Clicked,10.00,PM03,Digital Wallets,2,1,4
16249,Female,California,38,GGOEYDHJ056019,bubba Flo Duo Refresh Insulated Water Bottle 24 oz (TEAL),"bubba Flo Duo Refresh Insulated Water Bottle, 24 oz, TEAL (TEAL)",Bottles,100000,19.99,1000160,"2021-01-13",59.97,3,ELEC10,Discount 10%,Not Used,10.00,PM02,Paypal,3,1,4
16250,Female,California,39,GGOEYDHJ056019,bubba Flo Duo Refresh Insulated Water Bottle 24 oz (TEAL),"bubba Flo Duo Refresh Insulated Water Bottle, 24 oz, TEAL (TEAL)",Bottles,100000,19.99,1000161,"2021-01-11",19.99,1,ELEC10,Discount 10%,Clicked,10.00,PM03,Digital Wallets,2,1,4
16251,Female,California,60,GGOEYDHJ056019,bubba Flo Duo Refresh Insulated Water Bottle 24 oz (TEAL),"bubba Flo Duo Refresh Insulated Water Bottle, 24 oz, TEAL (TEAL)",Bottles,100000,19.99,1000162,"2021-09-20",19.99,1,ELEC10,Discount 10%,Not Used,10.00,PM02,Paypal,3,1,4
16252,Female,California,52,GGOEYDHJ056019,bubba Flo Duo Refresh Insulated Water Bottle 24 oz (TEAL),"bubba Flo Duo Refresh Insulated Water Bottle, 24 oz, TEAL (TEAL)",Bottles,100000,19.99,1000163,"2021-02-26",39.98,2,ELEC10,Discount 10%,Clicked,10.00,PM02,Paypal,2,1,4
16253,Female,California,31,GGOEYDHJ056019,bubba Flo Duo Refresh Insulated Water Bottle 24 oz (TEAL),"bubba Flo Duo Refresh Insulated Water Bottle, 24 oz, TEAL (TEAL)",Bottles,100000,19.99,1000164,"2021-02-06",19.99,1,ELEC10,Discount 10%,Clicked,10.00,PM04,Other,2,1,4
16254,Female,California,59,GGOEYDHJ056019,bubba Flo Duo Refresh Insulated Water Bottle 24 oz (TEAL),"bubba Flo Duo Refresh Insulated Water Bottle, 24 oz, TEAL (TEAL)",Bottles,100000,19.99,1000165,"2021-08-07",19.99,1,ELEC10,Discount 10%,Not Used,10.00,PM04,Other,3,1,4
16255,Female,California,60,GGOEYDHJ056029,"64 oz Water Bottle","64 oz Water Bottle, 1/2 Gallon Water Bottle, Water Bottle Holder with Shoulder Strap, Time Motivational Water Bottle - Great for Camping, Gym and Outdoor Activities, Gift",Bottles,100000,24.69,1000166,"2021-10-04",69.13,4,ELEC30,Discount 30%,Used,30.00,PM02,Paypal,1,1,4
16256,Female,California,56,GGOEYDHJ056029,"64 oz Water Bottle","64 oz Water Bottle, 1/2 Gallon Water Bottle, Water Bottle Holder with Shoulder Strap, Time Motivational Water Bottle - Great for Camping, Gym and Outdoor Activities, Gift",Bottles,100000,24.69,1000167,"2021-12-29",17.28,1,ELEC30,Discount 30%,Used,30.00,PM04,Other,1,1,4
16257,Female,California,29,GGOEYDHJ056029,"64 oz Water Bottle","64 oz Water Bottle, 1/2 Gallon Water Bottle, Water Bottle Holder with Shoulder Strap, Time Motivational Water Bottle - Great for Camping, Gym and Outdoor Activities, Gift",Bottles,100000,24.69,1000168,"2021-07-26",103.70,6,ELEC30,Discount 30%,Used,30.00,PM03,Digital Wallets,1,1,4
16258,Female,California,49,GGOEYDHJ056029,"64 oz Water Bottle","64 oz Water Bottle, 1/2 Gallon Water Bottle, Water Bottle Holder with Shoulder Strap, Time Motivational Water Bottle - Great for Camping, Gym and Outdoor Activities, Gift",Bottles,100000,24.69,1000169,"2021-07-21",17.28,1,ELEC30,Discount 30%,Used,30.00,PM01,Card,1,1,4
16259,Female,California,42,GGOEYDHJ056029,"64 oz Water Bottle","64 oz Water Bottle, 1/2 Gallon Water Bottle, Water Bottle Holder with Shoulder Strap, Time Motivational Water Bottle - Great for Camping, Gym and Outdoor Activities, Gift",Bottles,100000,24.69,1000170,"2021-02-28",17.28,1,ELEC30,Discount 30%,Used,30.00,PM03,Digital Wallets,1,1,4
16260,Female,California,20,GGOEYDHJ056029,"64 oz Water Bottle","64 oz Water Bottle, 1/2 Gallon Water Bottle, Water Bottle Holder with Shoulder Strap, Time Motivational Water Bottle - Great for Camping, Gym and Outdoor Activities, Gift",Bottles,100000,24.69,1000171,"2021-11-11",34.57,2,ELEC30,Discount 30%,Used,30.00,PM02,Paypal,1,1,4
16261,Female,California,48,GGOEYDHJ056029,"64 oz Water Bottle","64 oz Water Bottle, 1/2 Gallon Water Bottle, Water Bottle Holder with Shoulder Strap, Time Motivational Water Bottle - Great for Camping, Gym and Outdoor Activities, Gift",Bottles,100000,24.69,1000172,"2021-05-20",17.28,1,ELEC30,Discount 30%,Used,30.00,PM01,Card,1,1,4
16262,Female,California,56,GGOEYDHJ056039,Kids Water Bottle with Straw Lid 14oz,"Kids Water Bottle with Straw Lid 14oz, Vacuum Insulated 316 Stainless Steel Water Bottles for Kids for School, Leakproof Toddler Water Bottle, BPA Free and Keep Cold for 24 Hours",Bottles,100000,9.99,1000173,"2021-11-26",19.98,2,ELEC10,Discount 10%,Not Used,10.00,PM02,Paypal,3,1,4
16263,Female,California,16,GGOEYDHJ056039,Kids Water Bottle with Straw Lid 14oz,"Kids Water Bottle with Straw Lid 14oz, Vacuum Insulated 316 Stainless Steel Water Bottles for Kids for School, Leakproof Toddler Water Bottle, BPA Free and Keep Cold for 24 Hours",Bottles,100000,9.99,1000174,"2021-03-08",19.98,2,ELEC10,Discount 10%,Not Used,10.00,PM02,Paypal,3,1,4
16264,Female,California,35,GGOEYDHJ056039,Kids Water Bottle with Straw Lid 14oz,"Kids Water Bottle with Straw Lid 14oz, Vacuum Insulated 316 Stainless Steel Water Bottles for Kids for School, Leakproof Toddler Water Bottle, BPA Free and Keep Cold for 24 Hours",Bottles,100000,9.99,1000175,"2021-11-29",49.95,5,ELEC10,Discount 10%,Not Used,10.00,PM04,Other,3,1,4
16265,Female,California,63,GGOEYDHJ056039,Kids Water Bottle with Straw Lid 14oz,"Kids Water Bottle with Straw Lid 14oz, Vacuum Insulated 316 Stainless Steel Water Bottles for Kids for School, Leakproof Toddler Water Bottle, BPA Free and Keep Cold for 24 Hours",Bottles,100000,9.99,1000176,"2021-01-14",9.99,1,ELEC10,Discount 10%,Not Used,10.00,PM04,Other,3,1,4
16266,Female,California,30,GGOEYDHJ056039,Kids Water Bottle with Straw Lid 14oz,"Kids Water Bottle with Straw Lid 14oz, Vacuum Insulated 316 Stainless Steel Water Bottles for Kids for School, Leakproof Toddler Water Bottle, BPA Free and Keep Cold for 24 Hours",Bottles,100000,9.99,1000177,"2021-11-08",9.99,1,ELEC10,Discount 10%,Not Used,10.00,PM02,Paypal,3,1,4
16267,Female,California,53,GGOEYDHJ056039,Kids Water Bottle with Straw Lid 14oz,"Kids Water Bottle with Straw Lid 14oz, Vacuum Insulated 316 Stainless Steel Water Bottles for Kids for School, Leakproof Toddler Water Bottle, BPA Free and Keep Cold for 24 Hours",Bottles,100000,9.99,1000178,"2021-06-12",39.96,4,ELEC10,Discount 10%,Clicked,10.00,PM03,Digital Wallets,2,1,4
16268,Female,California,21,GGOEYDHJ056039,Kids Water Bottle with Straw Lid 14oz,"Kids Water Bottle with Straw Lid 14oz, Vacuum Insulated 316 Stainless Steel Water Bottles for Kids for School, Leakproof Toddler Water Bottle, BPA Free and Keep Cold for 24 Hours",Bottles,100000,9.99,1000179,"2021-12-01",9.99,1,ELEC10,Discount 10%,Clicked,10.00,PM01,Card,2,1,4
16269,Female,California,21,GGOEYDHJ056039,Kids Water Bottle with Straw Lid 14oz,"Kids Water Bottle with Straw Lid 14oz, Vacuum Insulated 316 Stainless Steel Water Bottles for Kids for School, Leakproof Toddler Water Bottle, BPA Free and Keep Cold for 24 Hours",Bottles,100000,9.99,1000180,"2021-03-15",9.99,1,ELEC10,Discount 10%,Not Used,10.00,PM01,Card,3,1,4
16270,Female,California,55,GGOEYDHJ056039,Kids Water Bottle with Straw Lid 14oz,"Kids Water Bottle with Straw Lid 14oz, Vacuum Insulated 316 Stainless Steel Water Bottles for Kids for School, Leakproof Toddler Water Bottle, BPA Free and Keep Cold for 24 Hours",Bottles,100000,9.99,1000181,"2021-03-17",9.99,1,ELEC10,Discount 10%,Not Used,10.00,PM03,Digital Wallets,3,1,4
16271,Female,California,40,GGOEYDHJ056039,Kids Water Bottle with Straw Lid 14oz,"Kids Water Bottle with Straw Lid 14oz, Vacuum Insulated 316 Stainless Steel Water Bottles for Kids for School, Leakproof Toddler Water Bottle, BPA Free and Keep Cold for 24 Hours",Bottles,100000,9.99,1000182,"2021-02-27",19.98,2,ELEC10,Discount 10%,Clicked,10.00,PM04,Other,2,1,4
16272,Female,California,30,GGOEYDHJ056039,Kids Water Bottle with Straw Lid 14oz,"Kids Water Bottle with Straw Lid 14oz, Vacuum Insulated 316 Stainless Steel Water Bottles for Kids for School, Leakproof Toddler Water Bottle, BPA Free and Keep Cold for 24 Hours",Bottles,100000,9.99,1000183,"2021-06-11",9.99,1,ELEC10,Discount 10%,Not Used,10.00,PM02,Paypal,3,1,4
16273,Female,California,39,GGOEYDHJ056039,Kids Water Bottle with Straw Lid 14oz,"Kids Water Bottle with Straw Lid 14oz, Vacuum Insulated 316 Stainless Steel Water Bottles for Kids for School, Leakproof Toddler Water Bottle, BPA Free and Keep Cold for 24 Hours",Bottles,100000,9.99,1000184,"2021-06-24",9.99,1,ELEC10,Discount 10%,Not Used,10.00,PM03,Digital Wallets,3,1,4
16274,Female,California,28,GGOEYDHJ056039,Kids Water Bottle with Straw Lid 14oz,"Kids Water Bottle with Straw Lid 14oz, Vacuum Insulated 316 Stainless Steel Water Bottles for Kids for School, Leakproof Toddler Water Bottle, BPA Free and Keep Cold for 24 Hours",Bottles,100000,9.99,1000185,"2021-11-12",9.99,1,ELEC10,Discount 10%,Not Used,10.00,PM03,Digital Wallets,3,1,4
16275,Female,California,47,GGOEYDHJ056049,"64HYDRO 32oz 1Liter Motivational Water Bottle with Time Marker","64HYDRO 32oz 1Liter Motivational Water Bottle with Time Marker, Ocean Turtle Beach Summer Vibe Lose My Mind Find My Soul - TTZ2001009Z",Bottles,100000,19.95,1000186,"2021-12-01",59.85,3,ELEC10,Discount 10%,Not Used,10.00,PM01,Card,3,1,4
16276,Female,California,57,GGOEYDHJ056049,"64HYDRO 32oz 1Liter Motivational Water Bottle with Time Marker","64HYDRO 32oz 1Liter Motivational Water Bottle with Time Marker, Ocean Turtle Beach Summer Vibe Lose My Mind Find My Soul - TTZ2001009Z",Bottles,100000,19.95,1000187,"2021-12-11",19.95,1,ELEC10,Discount 10%,Not Used,10.00,PM01,Card,3,1,4
16277,Female,California,54,GGOEYDHJ056049,"64HYDRO 32oz 1Liter Motivational Water Bottle with Time Marker","64HYDRO 32oz 1Liter Motivational Water Bottle with Time Marker, Ocean Turtle Beach Summer Vibe Lose My Mind Find My Soul - TTZ2001009Z",Bottles,100000,19.95,1000188,"2021-02-05",19.95,1,ELEC10,Discount 10%,Clicked,10.00,PM01,Card,2,1,4
16278,Female,California,45,GGOEYDHJ056049,"64HYDRO 32oz 1Liter Motivational Water Bottle with Time Marker","64HYDRO 32oz 1Liter Motivational Water Bottle with Time Marker, Ocean Turtle Beach Summer Vibe Lose My Mind Find My Soul - TTZ2001009Z",Bottles,100000,19.95,1000189,"2021-03-26",19.95,1,ELEC10,Discount 10%,Clicked,10.00,PM01,Card,2,1,4
16279,Female,California,46,GGOEYDHJ056049,"64HYDRO 32oz 1Liter Motivational Water Bottle with Time Marker","64HYDRO 32oz 1Liter Motivational Water Bottle with Time Marker, Ocean Turtle Beach Summer Vibe Lose My Mind Find My Soul - TTZ2001009Z",Bottles,100000,19.95,1000190,"2021-12-12",159.60,8,ELEC10,Discount 10%,Clicked,10.00,PM04,Other,2,1,4
16280,Female,California,33,GGOEYDHJ056049,"64HYDRO 32oz 1Liter Motivational Water Bottle with Time Marker","64HYDRO 32oz 1Liter Motivational Water Bottle with Time Marker, Ocean Turtle Beach Summer Vibe Lose My Mind Find My Soul - TTZ2001009Z",Bottles,100000,19.95,1000191,"2021-05-03",19.95,1,ELEC10,Discount 10%,Not Used,10.00,PM04,Other,3,1,4
14606,Female,Chicago,22,GGOEYDHJ056049,"64HYDRO 32oz 1Liter Motivational Water Bottle with Time Marker","64HYDRO 32oz 1Liter Motivational Water Bottle with Time Marker, Ocean Turtle Beach Summer Vibe Lose My Mind Find My Soul - TTZ2001009Z",Bottles,100000,19.95,1000219,"2021-06-16",19.95,1,ELEC10,Discount 10%,Not Used,10.00,PM01,Card,3,3,4
14607,Female,Chicago,29,GGOEYDHJ056049,"64HYDRO 32oz 1Liter Motivational Water Bottle with Time Marker","64HYDRO 32oz 1Liter Motivational Water Bottle with Time Marker, Ocean Turtle Beach Summer Vibe Lose My Mind Find My Soul - TTZ2001009Z",Bottles,100000,19.95,1000220,"2021-09-21",59.85,3,ELEC10,Discount 10%,Not Used,10.00,PM01,Card,3,3,4
14608,Female,Chicago,32,GGOEYDHJ056049,"64HYDRO 32oz 1Liter Motivational Water Bottle with Time Marker","64HYDRO 32oz 1Liter Motivational Water Bottle with Time Marker, Ocean Turtle Beach Summer Vibe Lose My Mind Find My Soul - TTZ2001009Z",Bottles,100000,19.95,1000221,"2021-10-23",19.95,1,ELEC10,Discount 10%,Clicked,10.00,PM02,Paypal,2,3,4
14609,Female,Chicago,41,GGOEYDHJ056059,Ocean Bottle 17 oz,Ocean Bottle - Recycled Stainless Steel Drinks Reusable Water Bottle - Eco-Friendly & Reusable - Sky Blue - 17 oz,Bottles,100000,55.00,1000222,"2021-04-11",55.00,1,ELEC10,Discount 10%,Not Used,10.00,PM04,Other,3,3,4
14610,Male,New York,50,GGOEYDHJ056059,Ocean Bottle 17 oz,Ocean Bottle - Recycled Stainless Steel Drinks Reusable Water Bottle - Eco-Friendly & Reusable - Sky Blue - 17 oz,Bottles,100000,55.00,1000223,"2021-08-17",55.00,1,ELEC10,Discount 10%,Clicked,10.00,PM04,Other,2,2,4
14611,Male,New York,56,GGOEYDHJ056059,Ocean Bottle 17 oz,Ocean Bottle - Recycled Stainless Steel Drinks Reusable Water Bottle - Eco-Friendly & Reusable - Sky Blue - 17 oz,Bottles,100000,55.00,1000224,"2021-08-07",385.00,7,ELEC10,Discount 10%,Not Used,10.00,PM01,Card,3,2,4
14612,Male,New York,30,GGOEYDHJ056059,Ocean Bottle 17 oz,Ocean Bottle - Recycled Stainless Steel Drinks Reusable Water Bottle - Eco-Friendly & Reusable - Sky Blue - 17 oz,Bottles,100000,55.00,1000225,"2021-11-19",55.00,1,ELEC10,Discount 10%,Clicked,10.00,PM01,Card,2,2,4
14614,Male,California,30,GGOEAAAJ032455,yageyan Men Canvas Low top Shoes,yageyan Men Canvas Low top Shoes Classic Casual Sneakers Black and White Fashion Shoes,Apparel,100000,24.99,1000227,"2021-09-30",124.95,5,OFF20,Discount 20%,Clicked,20.00,PM02,Paypal,2,1,1
14714,Male,Chicago,28,GGOEAFKQ020599,Teal Office Supplies,"Teal Office Supplies, Teal Office Supplies and Accessories, Mint Green Stapler and Tape Dispenser Set for Women, Green Office Desk Accessories, Office Gift for Women, Office Lady, Coworkers",Office,100000,16.99,1000327,"2021-04-11",16.14,1,ELEC05,Discount 5%,Used,5.00,PM02,Paypal,1,3,2
14715,Male,Chicago,50,GGOEAFKQ020499,Amazon Basics Stapler with 1000 Staples,"Amazon Basics Stapler with 1000 Staples, Office Stapler, 25 Sheet",Office,100000,8.54,1000328,"2021-09-28",102.48,12,BT10,Discount 10%,Not Used,10.00,PM03,Digital Wallets,3,3,2
14716,Male,Chicago,54,GGOEAFKQ020399,Mr. Pen File Folders 18 Pack,"Mr. Pen File Folders, 18 Pack, Morandi Colors, 1/3-Cut Tab, Letter Size, Durable Paper Folders, Office Supplies",Office,100000,11.99,1000329,"2021-02-14",11.99,1,ELEC10,Discount 10%,Clicked,10.00,PM03,Digital Wallets,2,3,2
14717,Male,Chicago,46,GGOEAFKQ020299,Gel Pens 12 Pcs Smooth Writing Pens No Bleed & Smear,"Gel Pens, 12 Pcs Smooth Writing Pens No Bleed & Smear, Black Ink Cute Pens Fine Point (0.5mm), Retractable Aesthetic Journaling Pens School Office Supplies for Women & Men",Office,100000,6.49,1000330,"2021-04-07",6.49,1,ELEC30,Discount 30%,Not Used,30.00,PM03,Digital Wallets,3,3,2
14718,Male,Chicago,16,GGOEAFKQ020199,Mr. Pen- Sticky Notes 12 Pads,"Mr. Pen- Sticky Notes, 12 Pads, 3x3, Vintage Colors, Sticky Notes 3x3, Sticky Note, Sticky Pads, Sticky Notes Bulk, Stick Notes, Colored Sticky Notes, Sticky Note Pad, Colorful Sticky Notes",Office,100000,8.99,1000331,"2021-09-09",8.99,1,ELEC30,Discount 30%,Not Used,30.00,PM04,Other,3,3,2
14719,Male,Chicago,49,GGOEAFKQ020199,Mr. Pen- Sticky Notes 12 Pads,"Mr. Pen- Sticky Notes, 12 Pads, 3x3, Vintage Colors, Sticky Notes 3x3, Sticky Note, Sticky Pads, Sticky Notes Bulk, Stick Notes, Colored Sticky Notes, Sticky Note Pad, Colorful Sticky Notes",Office,100000,8.99,1000332,"2021-11-10",17.98,2,ELEC30,Discount 30%,Clicked,30.00,PM02,Paypal,2,3,2
14720,Male,Chicago,52,GGOEAFKQ020199,Mr. Pen- Sticky Notes 12 Pads,"Mr. Pen- Sticky Notes, 12 Pads, 3x3, Vintage Colors, Sticky Notes 3x3, Sticky Note, Sticky Pads, Sticky Notes Bulk, Stick Notes, Colored Sticky Notes, Sticky Note Pad, Colorful Sticky Notes",Office,100000,8.99,1000333,"2021-06-13",8.99,1,ELEC30,Discount 30%,Clicked,30.00,PM01,Card,2,3,2
14721,Male,Chicago,47,GGOEAFKQ020199,Mr. Pen- Sticky Notes 12 Pads,"Mr. Pen- Sticky Notes, 12 Pads, 3x3, Vintage Colors, Sticky Notes 3x3, Sticky Note, Sticky Pads, Sticky Notes Bulk, Stick Notes, Colored Sticky Notes, Sticky Note Pad, Colorful Sticky Notes",Office,100000,8.99,1000334,"2021-06-12",8.99,1,ELEC30,Discount 30%,Not Used,30.00,PM03,Digital Wallets,3,3,2
14722,Male,Chicago,28,GGOEAFKQ020199,Mr. Pen- Sticky Notes 12 Pads,"Mr. Pen- Sticky Notes, 12 Pads, 3x3, Vintage Colors, Sticky Notes 3x3, Sticky Note, Sticky Pads, Sticky Notes Bulk, Stick Notes, Colored Sticky Notes, Sticky Note Pad, Colorful Sticky Notes",Office,100000,8.99,1000335,"2021-02-12",8.99,1,ELEC30,Discount 30%,Not Used,30.00,PM04,Other,3,3,2
14723,Male,Chicago,28,GGOEAFKQ020199,Mr. Pen- Sticky Notes 12 Pads,"Mr. Pen- Sticky Notes, 12 Pads, 3x3, Vintage Colors, Sticky Notes 3x3, Sticky Note, Sticky Pads, Sticky Notes Bulk, Stick Notes, Colored Sticky Notes, Sticky Note Pad, Colorful Sticky Notes",Office,100000,8.99,1000336,"2021-01-28",8.99,1,ELEC30,Discount 30%,Clicked,30.00,PM04,Other,2,3,2
14724,Male,Chicago,37,GGOEAFKQ020199,Mr. Pen- Sticky Notes 12 Pads,"Mr. Pen- Sticky Notes, 12 Pads, 3x3, Vintage Colors, Sticky Notes 3x3, Sticky Note, Sticky Pads, Sticky Notes Bulk, Stick Notes, Colored Sticky Notes, Sticky Note Pad, Colorful Sticky Notes",Office,100000,8.99,1000337,"2021-10-24",35.96,4,ELEC30,Discount 30%,Clicked,30.00,PM01,Card,2,3,2
14725,Male,Chicago,27,GGOEAFKQ020199,Mr. Pen- Sticky Notes 12 Pads,"Mr. Pen- Sticky Notes, 12 Pads, 3x3, Vintage Colors, Sticky Notes 3x3, Sticky Note, Sticky Pads, Sticky Notes Bulk, Stick Notes, Colored Sticky Notes, Sticky Note Pad, Colorful Sticky Notes",Office,100000,8.99,1000338,"2021-10-05",8.99,1,ELEC30,Discount 30%,Not Used,30.00,PM03,Digital Wallets,3,3,2
14726,Female,Chicago,62,GGOEAFKQ020299,Gel Pens 12 Pcs Smooth Writing Pens No Bleed & Smear,"Gel Pens, 12 Pcs Smooth Writing Pens No Bleed & Smear, Black Ink Cute Pens Fine Point (0.5mm), Retractable Aesthetic Journaling Pens School Office Supplies for Women & Men",Office,100000,6.49,1000339,"2021-06-26",6.49,1,ELEC30,Discount 30%,Not Used,30.00,PM04,Other,3,3,2
14727,Female,Chicago,18,GGOEAFKQ020299,Gel Pens 12 Pcs Smooth Writing Pens No Bleed & Smear,"Gel Pens, 12 Pcs Smooth Writing Pens No Bleed & Smear, Black Ink Cute Pens Fine Point (0.5mm), Retractable Aesthetic Journaling Pens School Office Supplies for Women & Men",Office,100000,6.49,1000340,"2021-05-21",6.49,1,ELEC30,Discount 30%,Clicked,30.00,PM03,Digital Wallets,2,3,2
14728,Female,Chicago,35,GGOEAFKQ020299,Gel Pens 12 Pcs Smooth Writing Pens No Bleed & Smear,"Gel Pens, 12 Pcs Smooth Writing Pens No Bleed & Smear, Black Ink Cute Pens Fine Point (0.5mm), Retractable Aesthetic Journaling Pens School Office Supplies for Women & Men",Office,100000,6.49,1000341,"2021-10-17",6.49,1,ELEC30,Discount 30%,Clicked,30.00,PM03,Digital Wallets,2,3,2
14729,Female,Chicago,36,GGOEAFKQ020299,Gel Pens 12 Pcs Smooth Writing Pens No Bleed & Smear,"Gel Pens, 12 Pcs Smooth Writing Pens No Bleed & Smear, Black Ink Cute Pens Fine Point (0.5mm), Retractable Aesthetic Journaling Pens School Office Supplies for Women & Men",Office,100000,6.49,1000342,"2021-09-28",12.98,2,ELEC30,Discount 30%,Not Used,30.00,PM01,Card,3,3,2
14730,Female,Chicago,50,GGOEAFKQ020299,Gel Pens 12 Pcs Smooth Writing Pens No Bleed & Smear,"Gel Pens, 12 Pcs Smooth Writing Pens No Bleed & Smear, Black Ink Cute Pens Fine Point (0.5mm), Retractable Aesthetic Journaling Pens School Office Supplies for Women & Men",Office,100000,6.49,1000343,"2021-07-29",12.98,2,ELEC30,Discount 30%,Not Used,30.00,PM02,Paypal,3,3,2
14731,Female,Chicago,18,GGOEAFKQ020299,Gel Pens 12 Pcs Smooth Writing Pens No Bleed & Smear,"Gel Pens, 12 Pcs Smooth Writing Pens No Bleed & Smear, Black Ink Cute Pens Fine Point (0.5mm), Retractable Aesthetic Journaling Pens School Office Supplies for Women & Men",Office,100000,6.49,1000344,"2021-06-18",6.49,1,ELEC30,Discount 30%,Clicked,30.00,PM03,Digital Wallets,2,3,2
14732,Female,Chicago,17,GGOEAFKQ020299,Gel Pens 12 Pcs Smooth Writing Pens No Bleed & Smear,"Gel Pens, 12 Pcs Smooth Writing Pens No Bleed & Smear, Black Ink Cute Pens Fine Point (0.5mm), Retractable Aesthetic Journaling Pens School Office Supplies for Women & Men",Office,100000,6.49,1000345,"2021-11-04",6.49,1,ELEC30,Discount 30%,Not Used,30.00,PM01,Card,3,3,2
15601,Female,Chicago,49,GGOEAFKQ020299,Gel Pens 12 Pcs Smooth Writing Pens No Bleed & Smear,"Gel Pens, 12 Pcs Smooth Writing Pens No Bleed & Smear, Black Ink Cute Pens Fine Point (0.5mm), Retractable Aesthetic Journaling Pens School Office Supplies for Women & Men",Office,100000,6.49,1000354,"2021-08-04",32.45,5,ELEC30,Discount 30%,Clicked,30.00,PM01,Card,2,3,2
15602,Female,Chicago,19,GGOEAFKQ020299,Gel Pens 12 Pcs Smooth Writing Pens No Bleed & Smear,"Gel Pens, 12 Pcs Smooth Writing Pens No Bleed & Smear, Black Ink Cute Pens Fine Point (0.5mm), Retractable Aesthetic Journaling Pens School Office Supplies for Women & Men",Office,100000,6.49,1000355,"2021-04-07",6.49,1,ELEC30,Discount 30%,Clicked,30.00,PM03,Digital Wallets,2,3,2
15603,Female,Chicago,44,GGOEAFKQ020299,Gel Pens 12 Pcs Smooth Writing Pens No Bleed & Smear,"Gel Pens, 12 Pcs Smooth Writing Pens No Bleed & Smear, Black Ink Cute Pens Fine Point (0.5mm), Retractable Aesthetic Journaling Pens School Office Supplies for Women & Men",Office,100000,6.49,1000356,"2021-09-24",6.49,1,ELEC30,Discount 30%,Not Used,30.00,PM02,Paypal,3,3,2
15604,Female,Chicago,48,GGOEAFKQ020299,Gel Pens 12 Pcs Smooth Writing Pens No Bleed & Smear,"Gel Pens, 12 Pcs Smooth Writing Pens No Bleed & Smear, Black Ink Cute Pens Fine Point (0.5mm), Retractable Aesthetic Journaling Pens School Office Supplies for Women & Men",Office,100000,6.49,1000357,"2021-09-30",6.49,1,ELEC30,Discount 30%,Not Used,30.00,PM04,Other,3,3,2
15605,Female,Chicago,31,GGOEAFKQ020299,Gel Pens 12 Pcs Smooth Writing Pens No Bleed & Smear,"Gel Pens, 12 Pcs Smooth Writing Pens No Bleed & Smear, Black Ink Cute Pens Fine Point (0.5mm), Retractable Aesthetic Journaling Pens School Office Supplies for Women & Men",Office,100000,6.49,1000358,"2021-04-25",25.96,4,ELEC30,Discount 30%,Not Used,30.00,PM02,Paypal,3,3,2
15606,Female,Chicago,49,GGOEAFKQ020299,Gel Pens 12 Pcs Smooth Writing Pens No Bleed & Smear,"Gel Pens, 12 Pcs Smooth Writing Pens No Bleed & Smear, Black Ink Cute Pens Fine Point (0.5mm), Retractable Aesthetic Journaling Pens School Office Supplies for Women & Men",Office,100000,6.49,1000359,"2021-01-16",6.49,1,ELEC30,Discount 30%,Clicked,30.00,PM01,Card,2,3,2
15607,Female,New York,37,GGOEAFKQ020299,Gel Pens 12 Pcs Smooth Writing Pens No Bleed & Smear,"Gel Pens, 12 Pcs Smooth Writing Pens No Bleed & Smear, Black Ink Cute Pens Fine Point (0.5mm), Retractable Aesthetic Journaling Pens School Office Supplies for Women & Men",Office,100000,6.49,1000360,"2021-07-03",51.92,8,ELEC30,Discount 30%,Clicked,30.00,PM01,Card,2,2,2
15608,Female,New York,26,GGOEAFKQ020299,Gel Pens 12 Pcs Smooth Writing Pens No Bleed & Smear,"Gel Pens, 12 Pcs Smooth Writing Pens No Bleed & Smear, Black Ink Cute Pens Fine Point (0.5mm), Retractable Aesthetic Journaling Pens School Office Supplies for Women & Men",Office,100000,6.49,1000361,"2021-12-20",6.49,1,ELEC30,Discount 30%,Clicked,30.00,PM01,Card,2,2,2
15609,Female,New York,50,GGOEAFKQ020299,Gel Pens 12 Pcs Smooth Writing Pens No Bleed & Smear,"Gel Pens, 12 Pcs Smooth Writing Pens No Bleed & Smear, Black Ink Cute Pens Fine Point (0.5mm), Retractable Aesthetic Journaling Pens School Office Supplies for Women & Men",Office,100000,6.49,1000362,"2021-06-13",6.49,1,ELEC30,Discount 30%,Not Used,30.00,PM04,Other,3,2,2
15610,Female,New York,59,GGOEAFKQ020399,Mr. Pen File Folders 18 Pack,"Mr. Pen File Folders, 18 Pack, Morandi Colors, 1/3-Cut Tab, Letter Size, Durable Paper Folders, Office Supplies",Office,100000,11.99,1000363,"2021-06-18",11.99,1,ELEC10,Discount 10%,Clicked,10.00,PM03,Digital Wallets,2,2,2
15611,Female,New York,53,GGOEAFKQ020399,Mr. Pen File Folders 18 Pack,"Mr. Pen File Folders, 18 Pack, Morandi Colors, 1/3-Cut Tab, Letter Size, Durable Paper Folders, Office Supplies",Office,100000,11.99,1000364,"2021-04-21",23.98,2,ELEC10,Discount 10%,Not Used,10.00,PM03,Digital Wallets,3,2,2
15612,Female,New York,36,GGOEAFKQ020399,Mr. Pen File Folders 18 Pack,"Mr. Pen File Folders, 18 Pack, Morandi Colors, 1/3-Cut Tab, Letter Size, Durable Paper Folders, Office Supplies",Office,100000,11.99,1000365,"2021-10-07",11.99,1,ELEC10,Discount 10%,Clicked,10.00,PM04,Other,2,2,2
15613,Female,New York,51,GGOEAFKQ020399,Mr. Pen File Folders 18 Pack,"Mr. Pen File Folders, 18 Pack, Morandi Colors, 1/3-Cut Tab, Letter Size, Durable Paper Folders, Office Supplies",Office,100000,11.99,1000366,"2021-08-13",11.99,1,ELEC10,Discount 10%,Not Used,10.00,PM02,Paypal,3,2,2
15614,Female,New York,20,GGOEAFKQ020399,Mr. Pen File Folders 18 Pack,"Mr. Pen File Folders, 18 Pack, Morandi Colors, 1/3-Cut Tab, Letter Size, Durable Paper Folders, Office Supplies",Office,100000,11.99,1000367,"2021-04-19",11.99,1,ELEC10,Discount 10%,Not Used,10.00,PM04,Other,3,2,2
15615,Male,New York,37,GGOEAFKQ020399,Mr. Pen File Folders 18 Pack,"Mr. Pen File Folders, 18 Pack, Morandi Colors, 1/3-Cut Tab, Letter Size, Durable Paper Folders, Office Supplies",Office,100000,11.99,1000368,"2021-03-17",11.99,1,ELEC10,Discount 10%,Clicked,10.00,PM01,Card,2,2,2
15616,Male,Chicago,37,GGOEAFKQ020399,Mr. Pen File Folders 18 Pack,"Mr. Pen File Folders, 18 Pack, Morandi Colors, 1/3-Cut Tab, Letter Size, Durable Paper Folders, Office Supplies",Office,100000,11.99,1000369,"2021-08-24",47.96,4,ELEC10,Discount 10%,Clicked,10.00,PM03,Digital Wallets,2,3,2
15617,Male,Chicago,25,GGOEAFKQ020399,Mr. Pen File Folders 18 Pack,"Mr. Pen File Folders, 18 Pack, Morandi Colors, 1/3-Cut Tab, Letter Size, Durable Paper Folders, Office Supplies",Office,100000,11.99,1000370,"2021-03-03",11.99,1,ELEC10,Discount 10%,Clicked,10.00,PM02,Paypal,2,3,2
15618,Male,Chicago,26,GGOEAFKQ020399,Mr. Pen File Folders 18 Pack,"Mr. Pen File Folders, 18 Pack, Morandi Colors, 1/3-Cut Tab, Letter Size, Durable Paper Folders, Office Supplies",Office,100000,11.99,1000371,"2021-02-08",11.99,1,ELEC10,Discount 10%,Clicked,10.00,PM01,Card,2,3,2
15619,Male,Chicago,50,GGOEAFKQ020499,Amazon Basics Stapler with 1000 Staples,"Amazon Basics Stapler with 1000 Staples, Office Stapler, 25 Sheet",Office,100000,8.54,1000372,"2021-10-07",8.54,1,BT10,Discount 10%,Not Used,10.00,PM04,Other,3,3,2
15620,Male,Chicago,63,GGOEAFKQ020499,Amazon Basics Stapler with 1000 Staples,"Amazon Basics Stapler with 1000 Staples, Office Stapler, 25 Sheet",Office,100000,8.54,1000373,"2021-08-21",51.24,6,BT10,Discount 10%,Not Used,10.00,PM04,Other,3,3,2
15621,Female,California,47,GGOEAFKQ020499,Amazon Basics Stapler with 1000 Staples,"Amazon Basics Stapler with 1000 Staples, Office Stapler, 25 Sheet",Office,100000,8.54,1000374,"2021-09-01",8.54,1,BT10,Discount 10%,Not Used,10.00,PM02,Paypal,3,1,2
15622,Female,California,29,GGOEAFKQ020499,Amazon Basics Stapler with 1000 Staples,"Amazon Basics Stapler with 1000 Staples, Office Stapler, 25 Sheet",Office,100000,8.54,1000375,"2021-04-23",8.54,1,BT10,Discount 10%,Not Used,10.00,PM02,Paypal,3,1,2
15623,Female,California,52,GGOEAFKQ020499,Amazon Basics Stapler with 1000 Staples,"Amazon Basics Stapler with 1000 Staples, Office Stapler, 25 Sheet",Office,100000,8.54,1000376,"2021-05-12",8.54,1,BT10,Discount 10%,Not Used,10.00,PM01,Card,3,1,2
15624,Female,Chicago,20,GGOEAFKQ020499,Amazon Basics Stapler with 1000 Staples,"Amazon Basics Stapler with 1000 Staples, Office Stapler, 25 Sheet",Office,100000,8.54,1000377,"2021-07-29",25.62,3,BT10,Discount 10%,Not Used,10.00,PM01,Card,3,3,2
15625,Female,Chicago,38,GGOEAFKQ020499,Amazon Basics Stapler with 1000 Staples,"Amazon Basics Stapler with 1000 Staples, Office Stapler, 25 Sheet",Office,100000,8.54,1000378,"2021-01-13",34.16,4,BT10,Discount 10%,Not Used,10.00,PM02,Paypal,3,3,2
15626,Female,Chicago,16,GGOEAFKQ020499,Amazon Basics Stapler with 1000 Staples,"Amazon Basics Stapler with 1000 Staples, Office Stapler, 25 Sheet",Office,100000,8.54,1000379,"2021-11-30",8.54,1,BT10,Discount 10%,Not Used,10.00,PM01,Card,3,3,2
15627,Female,Chicago,42,GGOEAFKQ020599,Teal Office Supplies,"Teal Office Supplies, Teal Office Supplies and Accessories, Mint Green Stapler and Tape Dispenser Set for Women, Green Office Desk Accessories, Office Gift for Women, Office Lady, Coworkers",Office,100000,16.99,1000380,"2021-06-02",32.28,2,ELEC05,Discount 5%,Used,5.00,PM01,Card,1,3,2
15628,Female,Chicago,24,GGOEAFKQ020599,Teal Office Supplies,"Teal Office Supplies, Teal Office Supplies and Accessories, Mint Green Stapler and Tape Dispenser Set for Women, Green Office Desk Accessories, Office Gift for Women, Office Lady, Coworkers",Office,100000,16.99,1000381,"2021-09-07",32.28,2,ELEC05,Discount 5%,Used,5.00,PM01,Card,1,3,2
15629,Female,Chicago,26,GGOEAFKQ020599,Teal Office Supplies,"Teal Office Supplies, Teal Office Supplies and Accessories, Mint Green Stapler and Tape Dispenser Set for Women, Green Office Desk Accessories, Office Gift for Women, Office Lady, Coworkers",Office,100000,16.99,1000382,"2021-01-05",129.12,8,ELEC05,Discount 5%,Used,5.00,PM01,Card,1,3,2
15630,Female,Chicago,35,GGOEAFKQ020599,Teal Office Supplies,"Teal Office Supplies, Teal Office Supplies and Accessories, Mint Green Stapler and Tape Dispenser Set for Women, Green Office Desk Accessories, Office Gift for Women, Office Lady, Coworkers",Office,100000,16.99,1000383,"2021-04-06",16.14,1,ELEC05,Discount 5%,Used,5.00,PM03,Digital Wallets,1,3,2
15631,Female,Chicago,46,GGOEAFKQ020599,Teal Office Supplies,"Teal Office Supplies, Teal Office Supplies and Accessories, Mint Green Stapler and Tape Dispenser Set for Women, Green Office Desk Accessories, Office Gift for Women, Office Lady, Coworkers",Office,100000,16.99,1000384,"2021-10-13",16.14,1,ELEC05,Discount 5%,Used,5.00,PM04,Other,1,3,2
15632,Female,Chicago,50,GGOEWEBB082199,OLANLY Luxury Bathroom Rug Mat 24x16,"OLANLY Luxury Bathroom Rug Mat 24x16, Extra Soft and Absorbent Microfiber Bath Rugs, Non-Slip Plush Shaggy Bath Carpet, Machine Wash Dry, Bath Mats for Bathroom Floor, Tub and Shower, Grey",Home Furniture,100000,9.89,1000385,"2021-11-16",5.93,1,ELEC40,Discount 40%,Used,40.00,PM04,Other,1,3,3
15633,Female,Chicago,28,GGOEWEBB082199,OLANLY Luxury Bathroom Rug Mat 24x16,"OLANLY Luxury Bathroom Rug Mat 24x16, Extra Soft and Absorbent Microfiber Bath Rugs, Non-Slip Plush Shaggy Bath Carpet, Machine Wash Dry, Bath Mats for Bathroom Floor, Tub and Shower, Grey",Home Furniture,100000,9.89,1000386,"2021-07-17",11.87,2,ELEC40,Discount 40%,Used,40.00,PM04,Other,1,3,3
15634,Female,Chicago,40,GGOEWEBB082199,OLANLY Luxury Bathroom Rug Mat 24x16,"OLANLY Luxury Bathroom Rug Mat 24x16, Extra Soft and Absorbent Microfiber Bath Rugs, Non-Slip Plush Shaggy Bath Carpet, Machine Wash Dry, Bath Mats for Bathroom Floor, Tub and Shower, Grey",Home Furniture,100000,9.89,1000387,"2021-02-27",5.93,1,ELEC40,Discount 40%,Used,40.00,PM02,Paypal,1,3,3
15635,Male,Chicago,48,GGOEWEBB082199,OLANLY Luxury Bathroom Rug Mat 24x16,"OLANLY Luxury Bathroom Rug Mat 24x16, Extra Soft and Absorbent Microfiber Bath Rugs, Non-Slip Plush Shaggy Bath Carpet, Machine Wash Dry, Bath Mats for Bathroom Floor, Tub and Shower, Grey",Home Furniture,100000,9.89,1000388,"2021-06-07",5.93,1,ELEC40,Discount 40%,Used,40.00,PM03,Digital Wallets,1,3,3
15636,Male,Chicago,53,GGOEWEBB082199,OLANLY Luxury Bathroom Rug Mat 24x16,"OLANLY Luxury Bathroom Rug Mat 24x16, Extra Soft and Absorbent Microfiber Bath Rugs, Non-Slip Plush Shaggy Bath Carpet, Machine Wash Dry, Bath Mats for Bathroom Floor, Tub and Shower, Grey",Home Furniture,100000,9.89,1000389,"2021-01-29",11.87,2,ELEC40,Discount 40%,Used,40.00,PM02,Paypal,1,3,3
15637,Female,California,25,GGOEWEBB082199,OLANLY Luxury Bathroom Rug Mat 24x16,"OLANLY Luxury Bathroom Rug Mat 24x16, Extra Soft and Absorbent Microfiber Bath Rugs, Non-Slip Plush Shaggy Bath Carpet, Machine Wash Dry, Bath Mats for Bathroom Floor, Tub and Shower, Grey",Home Furniture,100000,9.89,1000390,"2021-08-07",17.80,3,ELEC40,Discount 40%,Used,40.00,PM03,Digital Wallets,1,1,3
15638,Female,Chicago,58,GGOEWEBB082199,OLANLY Luxury Bathroom Rug Mat 24x16,"OLANLY Luxury Bathroom Rug Mat 24x16, Extra Soft and Absorbent Microfiber Bath Rugs, Non-Slip Plush Shaggy Bath Carpet, Machine Wash Dry, Bath Mats for Bathroom Floor, Tub and Shower, Grey",Home Furniture,100000,9.89,1000391,"2021-12-07",5.93,1,ELEC40,Discount 40%,Used,40.00,PM01,Card,1,3,3
15639,Female,Chicago,47,GGOEWEBB082199,OLANLY Luxury Bathroom Rug Mat 24x16,"OLANLY Luxury Bathroom Rug Mat 24x16, Extra Soft and Absorbent Microfiber Bath Rugs, Non-Slip Plush Shaggy Bath Carpet, Machine Wash Dry, Bath Mats for Bathroom Floor, Tub and Shower, Grey",Home Furniture,100000,9.89,1000392,"2021-05-31",5.93,1,ELEC40,Discount 40%,Used,40.00,PM01,Card,1,3,3
15640,Female,Chicago,39,GGOEWEBB082199,OLANLY Luxury Bathroom Rug Mat 24x16,"OLANLY Luxury Bathroom Rug Mat 24x16, Extra Soft and Absorbent Microfiber Bath Rugs, Non-Slip Plush Shaggy Bath Carpet, Machine Wash Dry, Bath Mats for Bathroom Floor, Tub and Shower, Grey",Home Furniture,100000,9.89,1000393,"2021-01-15",29.67,5,ELEC40,Discount 40%,Used,40.00,PM01,Card,1,3,3
15641,Female,Chicago,40,GGOEYDHJ056029,"64 oz Water Bottle","64 oz Water Bottle, 1/2 Gallon Water Bottle, Water Bottle Holder with Shoulder Strap, Time Motivational Water Bottle - Great for Camping, Gym and Outdoor Activities, Gift",Bottles,100000,24.69,1000394,"2021-02-17",34.57,2,ELEC30,Discount 30%,Used,30.00,PM01,Card,1,3,4
15642,Female,Chicago,20,GGOEYDHJ056039,Kids Water Bottle with Straw Lid 14oz,"Kids Water Bottle with Straw Lid 14oz, Vacuum Insulated 316 Stainless Steel Water Bottles for Kids for School, Leakproof Toddler Water Bottle, BPA Free and Keep Cold for 24 Hours",Bottles,100000,9.99,1000395,"2021-08-29",9.99,1,ELEC10,Discount 10%,Clicked,10.00,PM01,Card,2,3,4
17859,Male,Chicago,48,GGOEAAAJ032455,yageyan Men Canvas Low top Shoes,yageyan Men Canvas Low top Shoes Classic Casual Sneakers Black and White Fashion Shoes,Apparel,100000,24.99,1000474,"2021-08-01",74.97,3,OFF20,Discount 20%,Not Used,20.00,PM02,Paypal,3,3,1
17860,Male,Chicago,27,GGOEYDHJ056019,bubba Flo Duo Refresh Insulated Water Bottle 24 oz (TEAL),"bubba Flo Duo Refresh Insulated Water Bottle, 24 oz, TEAL (TEAL)",Bottles,100000,19.99,1000475,"2021-08-13",19.99,1,ELEC10,Discount 10%,Not Used,10.00,PM01,Card,3,3,4
17861,Male,Chicago,46,GGOEWEBB082399,KOHLER 4636-RL-0 Cachet ReadyLatch Elongated Toilet Seat,"KOHLER 4636-RL-0 Cachet ReadyLatch Elongated Toilet Seat, Quiet-Close Lid and Seat, Countoured Seat, Grip-Tight Bumpers and Installation Hardware, White",Home Furniture,100000,39.60,1000476,"2021-10-23",39.60,1,ELEC10,Discount 10%,Not Used,10.00,PM03,Digital Wallets,3,3,3
17862,Male,Chicago,46,GGOEWEBB082499,Rubbermaid Commercial 15 Inch Toilet Brush,"Rubbermaid Commercial 15 Inch Toilet Brush, Toilet Bowl-Cleaner for Bathroom, Scrub Brush for Toilet",Home Furniture,100000,3.69,1000477,"2021-11-30",3.69,1,ELEC10,Discount 10%,Not Used,10.00,PM03,Digital Wallets,3,3,3
17863,Male,Chicago,62,GGOEWEBB082599,Moen YB8099CH Mason Toilet Paper Roller,"Moen YB8099CH Mason Toilet Paper Roller, Chrome",Home Furniture,100000,1.59,1000478,"2021-02-25",1.59,1,ELEC10,Discount 10%,Not Used,10.00,PM03,Digital Wallets,3,3,3
17864,Male,Chicago,41,GGOEAAAJ032455,yageyan Men Canvas Low top Shoes,yageyan Men Canvas Low top Shoes Classic Casual Sneakers Black and White Fashion Shoes,Apparel,100000,24.99,1000479,"2021-01-08",49.98,2,OFF20,Discount 20%,Clicked,20.00,PM01,Card,2,3,1
17865,Male,Chicago,62,GGOEAAAJ032455,yageyan Men Canvas Low top Shoes,yageyan Men Canvas Low top Shoes Classic Casual Sneakers Black and White Fashion Shoes,Apparel,100000,24.99,1000480,"2021-10-03",24.99,1,OFF20,Discount 20%,Clicked,20.00,PM03,Digital Wallets,2,3,1
17850,Male,Chicago,52,GGOEYDHJ056049,"64HYDRO 32oz 1Liter Motivational Water Bottle with Time Marker","64HYDRO 32oz 1Liter Motivational Water Bottle with Time Marker, Ocean Turtle Beach Summer Vibe Lose My Mind Find My Soul - TTZ2001009Z",Bottles,100000,19.95,1000483,"2021-05-10",59.85,3,ELEC10,Discount 10%,Not Used,10.00,PM01,Card,3,3,4
17851,Male,Chicago,49,GGOEYDHJ056059,Ocean Bottle 17 oz,Ocean Bottle - Recycled Stainless Steel Drinks Reusable Water Bottle - Eco-Friendly & Reusable - Sky Blue - 17 oz,Bottles,100000,55.00,1000484,"2021-02-20",55.00,1,ELEC10,Discount 10%,Not Used,10.00,PM01,Card,3,3,4
17852,Male,Chicago,23,GGOEWEBB082199,OLANLY Luxury Bathroom Rug Mat 24x16,"OLANLY Luxury Bathroom Rug Mat 24x16, Extra Soft and Absorbent Microfiber Bath Rugs, Non-Slip Plush Shaggy Bath Carpet, Machine Wash Dry, Bath Mats for Bathroom Floor, Tub and Shower, Grey",Home Furniture,100000,9.89,1000485,"2021-05-23",5.93,1,ELEC40,Discount 40%,Used,40.00,PM04,Other,1,3,3
17853,Male,Chicago,26,GGOEWEBB082299,Clorox Toilet Plunger with Hideaway Storage Caddy,"Clorox Toilet Plunger with Hideaway Storage Caddy, 6.5 x 6.5 x 19.5, White/Gray",Home Furniture,100000,15.99,1000486,"2021-10-03",15.99,1,ELEC10,Discount 10%,Not Used,10.00,PM03,Digital Wallets,3,3,3
17854,Male,Chicago,46,GGOEAAAJ032455,yageyan Men Canvas Low top Shoes,yageyan Men Canvas Low top Shoes Classic Casual Sneakers Black and White Fashion Shoes,Apparel,100000,24.99,1000487,"2021-05-15",749.70,30,OFF20,Discount 20%,Clicked,20.00,PM03,Digital Wallets,2,3,1
17855,Male,Chicago,21,GGOEAAAJ032455,yageyan Men Canvas Low top Shoes,yageyan Men Canvas Low top Shoes Classic Casual Sneakers Black and White Fashion Shoes,Apparel,100000,24.99,1000488,"2021-02-01",49.98,2,OFF20,Discount 20%,Not Used,20.00,PM03,Digital Wallets,3,3,1
17856,Male,Chicago,46,GGOEAAAJ032455,yageyan Men Canvas Low top Shoes,yageyan Men Canvas Low top Shoes Classic Casual Sneakers Black and White Fashion Shoes,Apparel,100000,24.99,1000489,"2021-07-22",24.99,1,OFF20,Discount 20%,Not Used,20.00,PM01,Card,3,3,1
17857,Male,Chicago,30,GGOEAAAJ032455,yageyan Men Canvas Low top Shoes,yageyan Men Canvas Low top Shoes Classic Casual Sneakers Black and White Fashion Shoes,Apparel,100000,24.99,1000490,"2021-06-19",24.99,1,OFF20,Discount 20%,Clicked,20.00,PM03,Digital Wallets,2,3,1
17858,Male,Chicago,25,GGOEAAAJ032455,yageyan Men Canvas Low top Shoes,yageyan Men Canvas Low top Shoes Classic Casual Sneakers Black and White Fashion Shoes,Apparel,100000,24.99,1000491,"2021-03-30",24.99,1,OFF20,Discount 20%,Clicked,20.00,PM03,Digital Wallets,2,3,1
12471,Female,California,31,GGOEAAAJ032415,ANRABESS Women's Summer 2 Piece Outfits,ANRABESS Women's Summer 2 Piece Outfits Sleeveless Tank Crop Button Back Top Capri Wide Leg Pants Linen Set with Pockets,Apparel,100000,36.99,1001689,"2021-07-15",33.29,1,ELEC10,Discount 10%,Used,10.00,PM01,Card,1,1,1
12472,Female,New Jersey,33,GGOEAAAJ032415,ANRABESS Women's Summer 2 Piece Outfits,ANRABESS Women's Summer 2 Piece Outfits Sleeveless Tank Crop Button Back Top Capri Wide Leg Pants Linen Set with Pockets,Apparel,100000,36.99,1003781,"2021-01-25",33.29,1,ELEC10,Discount 10%,Used,10.00,PM01,Card,1,4,1
12433,Male,California,41,GGOEWEBB082199,OLANLY Luxury Bathroom Rug Mat 24x16,"OLANLY Luxury Bathroom Rug Mat 24x16, Extra Soft and Absorbent Microfiber Bath Rugs, Non-Slip Plush Shaggy Bath Carpet, Machine Wash Dry, Bath Mats for Bathroom Floor, Tub and Shower, Grey",Home Furniture,100000,9.89,1003943,"2021-07-23",47.47,8,ELEC40,Discount 40%,Used,40.00,PM03,Digital Wallets,1,1,3
12373,Female,New York,25,GGOEAAAJ032435,rendy Queen Womens Oversized Sweatshirts Turtleneck,rendy Queen Womens Oversized Sweatshirts Turtleneck Pullover Long Sleeve Hoodies Tops Fall Outfits 2023 Clothes,Apparel,100000,38.99,1004098,"2021-01-29",38.99,1,ELEC30,Discount 30%,Clicked,30.00,PM04,Other,2,2,1
12477,Female,California,59,GGOEAAAJ032415,ANRABESS Women's Summer 2 Piece Outfits,ANRABESS Women's Summer 2 Piece Outfits Sleeveless Tank Crop Button Back Top Capri Wide Leg Pants Linen Set with Pockets,Apparel,100000,36.99,1004404,"2021-12-19",66.58,2,ELEC10,Discount 10%,Used,10.00,PM02,Paypal,1,1,1
12410,Male,California,41,GGOEWEBB082199,OLANLY Luxury Bathroom Rug Mat 24x16,"OLANLY Luxury Bathroom Rug Mat 24x16, Extra Soft and Absorbent Microfiber Bath Rugs, Non-Slip Plush Shaggy Bath Carpet, Machine Wash Dry, Bath Mats for Bathroom Floor, Tub and Shower, Grey",Home Furniture,100000,9.89,1004612,"2021-05-13",17.80,3,ELEC40,Discount 40%,Used,40.00,PM04,Other,1,1,3
12437,Female,New Jersey,47,GGOEWEBB082199,OLANLY Luxury Bathroom Rug Mat 24x16,"OLANLY Luxury Bathroom Rug Mat 24x16, Extra Soft and Absorbent Microfiber Bath Rugs, Non-Slip Plush Shaggy Bath Carpet, Machine Wash Dry, Bath Mats for Bathroom Floor, Tub and Shower, Grey",Home Furniture,100000,9.89,1004678,"2021-06-15",5.93,1,ELEC40,Discount 40%,Used,40.00,PM02,Paypal,1,4,3
12414,Male,New York,46,GGOEWEBB082199,OLANLY Luxury Bathroom Rug Mat 24x16,"OLANLY Luxury Bathroom Rug Mat 24x16, Extra Soft and Absorbent Microfiber Bath Rugs, Non-Slip Plush Shaggy Bath Carpet, Machine Wash Dry, Bath Mats for Bathroom Floor, Tub and Shower, Grey",Home Furniture,100000,9.89,1004683,"2021-12-21",5.93,1,ELEC40,Discount 40%,Used,40.00,PM03,Digital Wallets,1,2,3
12350,Male,California,43,GGOEAAAJ032415,ANRABESS Women's Summer 2 Piece Outfits,ANRABESS Women's Summer 2 Piece Outfits Sleeveless Tank Crop Button Back Top Capri Wide Leg Pants Linen Set with Pockets,Apparel,100000,36.99,1004689,"2021-03-17",33.29,1,ELEC10,Discount 10%,Used,10.00,PM02,Paypal,1,1,1
12502,Female,California,39,GGOEAAAJ032425,Dokotoo Tops for Women Trendy Summer Casual,Dokotoo Tops for Women Trendy Summer Casual Cap Short Sleeve Basic Textured Solid Color Round Neck T Shirts Blouse,Apparel,100000,19.98,1005021,"2021-08-08",35.96,2,ELEC10,Discount 10%,Used,10.00,PM01,Card,1,1,1
12503,Female,California,41,GGOEAAAJ032425,Dokotoo Tops for Women Trendy Summer Casual,Dokotoo Tops for Women Trendy Summer Casual Cap Short Sleeve Basic Textured Solid Color Round Neck T Shirts Blouse,Apparel,100000,19.98,1005022,"2021-07-12",17.98,1,ELEC10,Discount 10%,Used,10.00,PM03,Digital Wallets,1,1,1
12504,Female,California,19,GGOEAAAJ032425,Dokotoo Tops for Women Trendy Summer Casual,Dokotoo Tops for Women Trendy Summer Casual Cap Short Sleeve Basic Textured Solid Color Round Neck T Shirts Blouse,Apparel,100000,19.98,1005023,"2021-07-04",17.98,1,ELEC10,Discount 10%,Used,10.00,PM03,Digital Wallets,1,1,1
12505,Female,California,37,GGOEAAAJ032425,Dokotoo Tops for Women Trendy Summer Casual,Dokotoo Tops for Women Trendy Summer Casual Cap Short Sleeve Basic Textured Solid Color Round Neck T Shirts Blouse,Apparel,100000,19.98,1005024,"2021-08-03",35.96,2,ELEC10,Discount 10%,Used,10.00,PM03,Digital Wallets,1,1,1
12506,Female,California,55,GGOEAAAJ032425,Dokotoo Tops for Women Trendy Summer Casual,Dokotoo Tops for Women Trendy Summer Casual Cap Short Sleeve Basic Textured Solid Color Round Neck T Shirts Blouse,Apparel,100000,19.98,1005025,"2021-01-17",17.98,1,ELEC10,Discount 10%,Used,10.00,PM01,Card,1,1,1
12507,Female,California,35,GGOEAAAJ032425,Dokotoo Tops for Women Trendy Summer Casual,Dokotoo Tops for Women Trendy Summer Casual Cap Short Sleeve Basic Textured Solid Color Round Neck T Shirts Blouse,Apparel,100000,19.98,1005026,"2021-01-30",89.91,5,ELEC10,Discount 10%,Used,10.00,PM01,Card,1,1,1
12508,Female,California,52,GGOEAAAJ032425,Dokotoo Tops for Women Trendy Summer Casual,Dokotoo Tops for Women Trendy Summer Casual Cap Short Sleeve Basic Textured Solid Color Round Neck T Shirts Blouse,Apparel,100000,19.98,1005027,"2021-11-05",17.98,1,ELEC10,Discount 10%,Used,10.00,PM03,Digital Wallets,1,1,1
12509,Female,California,21,GGOEAAAJ032425,Dokotoo Tops for Women Trendy Summer Casual,Dokotoo Tops for Women Trendy Summer Casual Cap Short Sleeve Basic Textured Solid Color Round Neck T Shirts Blouse,Apparel,100000,19.98,1005028,"2021-05-28",17.98,1,ELEC10,Discount 10%,Used,10.00,PM01,Card,1,1,1
12510,Female,California,49,GGOEAAAJ032435,rendy Queen Womens Oversized Sweatshirts Turtleneck,rendy Queen Womens Oversized Sweatshirts Turtleneck Pullover Long Sleeve Hoodies Tops Fall Outfits 2023 Clothes,Apparel,100000,38.99,1005029,"2021-09-12",38.99,1,ELEC30,Discount 30%,Clicked,30.00,PM04,Other,2,1,1
12511,Female,California,50,GGOEAAAJ032435,rendy Queen Womens Oversized Sweatshirts Turtleneck,rendy Queen Womens Oversized Sweatshirts Turtleneck Pullover Long Sleeve Hoodies Tops Fall Outfits 2023 Clothes,Apparel,100000,38.99,1005030,"2021-08-18",38.99,1,ELEC30,Discount 30%,Not Used,30.00,PM03,Digital Wallets,3,1,1
12512,Female,California,17,GGOEAAAJ032435,rendy Queen Womens Oversized Sweatshirts Turtleneck,rendy Queen Womens Oversized Sweatshirts Turtleneck Pullover Long Sleeve Hoodies Tops Fall Outfits 2023 Clothes,Apparel,100000,38.99,1005031,"2021-05-28",155.96,4,ELEC30,Discount 30%,Not Used,30.00,PM03,Digital Wallets,3,1,1
12513,Female,California,62,GGOEAAAJ032435,rendy Queen Womens Oversized Sweatshirts Turtleneck,rendy Queen Womens Oversized Sweatshirts Turtleneck Pullover Long Sleeve Hoodies Tops Fall Outfits 2023 Clothes,Apparel,100000,38.99,1005032,"2021-09-15",38.99,1,ELEC30,Discount 30%,Not Used,30.00,PM01,Card,3,1,1
12514,Female,California,26,GGOEAAAJ032435,rendy Queen Womens Oversized Sweatshirts Turtleneck,rendy Queen Womens Oversized Sweatshirts Turtleneck Pullover Long Sleeve Hoodies Tops Fall Outfits 2023 Clothes,Apparel,100000,38.99,1005033,"2021-06-23",38.99,1,ELEC30,Discount 30%,Clicked,30.00,PM04,Other,2,1,1
12515,Female,California,52,GGOEAAAJ032435,rendy Queen Womens Oversized Sweatshirts Turtleneck,rendy Queen Womens Oversized Sweatshirts Turtleneck Pullover Long Sleeve Hoodies Tops Fall Outfits 2023 Clothes,Apparel,100000,38.99,1005034,"2021-01-28",233.94,6,ELEC30,Discount 30%,Clicked,30.00,PM03,Digital Wallets,2,1,1
12516,Female,California,42,GGOEAAAJ032435,rendy Queen Womens Oversized Sweatshirts Turtleneck,rendy Queen Womens Oversized Sweatshirts Turtleneck Pullover Long Sleeve Hoodies Tops Fall Outfits 2023 Clothes,Apparel,100000,38.99,1005035,"2021-06-18",38.99,1,ELEC30,Discount 30%,Not Used,30.00,PM04,Other,3,1,1
12517,Female,California,21,GGOEAAAJ032435,rendy Queen Womens Oversized Sweatshirts Turtleneck,rendy Queen Womens Oversized Sweatshirts Turtleneck Pullover Long Sleeve Hoodies Tops Fall Outfits 2023 Clothes,Apparel,100000,38.99,1005036,"2021-09-09",38.99,1,ELEC30,Discount 30%,Not Used,30.00,PM01,Card,3,1,1
12518,Female,California,25,GGOEAAAJ032435,rendy Queen Womens Oversized Sweatshirts Turtleneck,rendy Queen Womens Oversized Sweatshirts Turtleneck Pullover Long Sleeve Hoodies Tops Fall Outfits 2023 Clothes,Apparel,100000,38.99,1005801,"2021-11-30",389.90,10,ELEC30,Discount 30%,Clicked,30.00,PM03,Digital Wallets,2,1,1
12519,Female,California,57,GGOEAAAJ032435,rendy Queen Womens Oversized Sweatshirts Turtleneck,rendy Queen Womens Oversized Sweatshirts Turtleneck Pullover Long Sleeve Hoodies Tops Fall Outfits 2023 Clothes,Apparel,100000,38.99,1005802,"2021-06-28",38.99,1,ELEC30,Discount 30%,Clicked,30.00,PM04,Other,2,1,1
12520,Female,California,35,GGOEAAAJ032435,rendy Queen Womens Oversized Sweatshirts Turtleneck,rendy Queen Womens Oversized Sweatshirts Turtleneck Pullover Long Sleeve Hoodies Tops Fall Outfits 2023 Clothes,Apparel,100000,38.99,1005803,"2021-10-13",38.99,1,ELEC30,Discount 30%,Not Used,30.00,PM04,Other,3,1,1
12521,Female,California,60,GGOEAAAJ032435,rendy Queen Womens Oversized Sweatshirts Turtleneck,rendy Queen Womens Oversized Sweatshirts Turtleneck Pullover Long Sleeve Hoodies Tops Fall Outfits 2023 Clothes,Apparel,100000,38.99,1005804,"2021-03-09",38.99,1,ELEC30,Discount 30%,Not Used,30.00,PM03,Digital Wallets,3,1,1
12522,Female,California,20,GGOEAAAJ032445,Men's Crewneck Sweatshirts Soild Color,Men's Crewneck Sweatshirts Soild Color Geometric Texture Long Sleeve Casual Pullover Shirt,Apparel,100000,24.99,1006944,"2021-05-06",134.95,6,ELEC10,Discount 10%,Used,10.00,PM02,Paypal,1,1,1
12523,Female,California,51,GGOEAAAJ032445,Men's Crewneck Sweatshirts Soild Color,Men's Crewneck Sweatshirts Soild Color Geometric Texture Long Sleeve Casual Pullover Shirt,Apparel,100000,24.99,1006945,"2021-02-24",44.98,2,ELEC10,Discount 10%,Used,10.00,PM02,Paypal,1,1,1
12524,Female,California,35,GGOEAAAJ032445,Men's Crewneck Sweatshirts Soild Color,Men's Crewneck Sweatshirts Soild Color Geometric Texture Long Sleeve Casual Pullover Shirt,Apparel,100000,24.99,1006946,"2021-04-01",22.49,1,ELEC10,Discount 10%,Used,10.00,PM03,Digital Wallets,1,1,1
12525,Female,California,47,GGOEAAAJ032445,Men's Crewneck Sweatshirts Soild Color,Men's Crewneck Sweatshirts Soild Color Geometric Texture Long Sleeve Casual Pullover Shirt,Apparel,100000,24.99,1007586,"2021-03-14",22.49,1,ELEC10,Discount 10%,Used,10.00,PM02,Paypal,1,1,1
12464,Male,New York,22,GGOEWEBB082199,OLANLY Luxury Bathroom Rug Mat 24x16,"OLANLY Luxury Bathroom Rug Mat 24x16, Extra Soft and Absorbent Microfiber Bath Rugs, Non-Slip Plush Shaggy Bath Carpet, Machine Wash Dry, Bath Mats for Bathroom Floor, Tub and Shower, Grey",Home Furniture,100000,9.89,1007704,"2021-03-21",5.93,1,ELEC40,Discount 40%,Used,40.00,PM03,Digital Wallets,1,2,3
12526,Female,California,25,GGOEAAAJ032445,Men's Crewneck Sweatshirts Soild Color,Men's Crewneck Sweatshirts Soild Color Geometric Texture Long Sleeve Casual Pullover Shirt,Apparel,100000,24.99,1008177,"2021-03-05",22.49,1,ELEC10,Discount 10%,Used,10.00,PM01,Card,1,1,1
12527,Female,California,47,GGOEWEBB082299,Clorox Toilet Plunger with Hideaway Storage Caddy,"Clorox Toilet Plunger with Hideaway Storage Caddy, 6.5'' x 6.5'' x 19.5'', White/Gray",Home Furniture,100000,15.99,1008178,"2021-03-20",175.89,11,ELEC10,Discount 10%,Not Used,10.00,PM03,Digital Wallets,3,1,3
12528,Female,California,50,GGOEWEBB082299,Clorox Toilet Plunger with Hideaway Storage Caddy,"Clorox Toilet Plunger with Hideaway Storage Caddy, 6.5'' x 6.5'' x 19.5'', White/Gray",Home Furniture,100000,15.99,1008179,"2021-10-17",15.99,1,ELEC10,Discount 10%,Clicked,10.00,PM01,Card,2,1,3
12529,Female,California,37,GGOEWEBB082299,Clorox Toilet Plunger with Hideaway Storage Caddy,"Clorox Toilet Plunger with Hideaway Storage Caddy, 6.5'' x 6.5'' x 19.5'', White/Gray",Home Furniture,100000,15.99,1008180,"2021-11-10",15.99,1,ELEC10,Discount 10%,Clicked,10.00,PM01,Card,2,1,3
12530,Female,California,63,GGOEWEBB082299,Clorox Toilet Plunger with Hideaway Storage Caddy,"Clorox Toilet Plunger with Hideaway Storage Caddy, 6.5'' x 6.5'' x 19.5'', White/Gray",Home Furniture,100000,15.99,1008181,"2021-06-21",15.99,1,ELEC10,Discount 10%,Not Used,10.00,PM03,Digital Wallets,3,1,3
12531,Female,California,41,GGOEWEBB082299,Clorox Toilet Plunger with Hideaway Storage Caddy,"Clorox Toilet Plunger with Hideaway Storage Caddy, 6.5'' x 6.5'' x 19.5'', White/Gray",Home Furniture,100000,15.99,1008182,"2021-12-10",47.97,3,ELEC10,Discount 10%,Not Used,10.00,PM03,Digital Wallets,3,1,3
12532,Female,California,19,GGOEWEBB082299,Clorox Toilet Plunger with Hideaway Storage Caddy,"Clorox Toilet Plunger with Hideaway Storage Caddy, 6.5'' x 6.5'' x 19.5'', White/Gray",Home Furniture,100000,15.99,1008183,"2021-11-11",15.99,1,ELEC10,Discount 10%,Clicked,10.00,PM01,Card,2,1,3
12481,Female,California,57,GGOEAAAJ032415,ANRABESS Women's Summer 2 Piece Outfits,ANRABESS Women's Summer 2 Piece Outfits Sleeveless Tank Crop Button Back Top Capri Wide Leg Pants Linen Set with Pockets,Apparel,100000,36.99,1008437,"2021-09-25",33.29,1,ELEC10,Discount 10%,Used,10.00,PM01,Card,1,1,1
12501,Male,Chicago,58,GGOEAAAJ032415,ANRABESS Women's Summer 2 Piece Outfits,ANRABESS Women's Summer 2 Piece Outfits Sleeveless Tank Crop Button Back Top Capri Wide Leg Pants Linen Set with Pockets,Apparel,100000,36.99,1008465,"2021-07-10",33.29,1,ELEC10,Discount 10%,Used,10.00,PM02,Paypal,1,3,1
12383,Male,New York,35,GGOEAAAJ032445,Men's Crewneck Sweatshirts Soild Color,Men's Crewneck Sweatshirts Soild Color Geometric Texture Long Sleeve Casual Pullover Shirt,Apparel,100000,24.99,1008599,"2021-05-08",44.98,2,ELEC10,Discount 10%,Used,10.00,PM02,Paypal,1,2,1
12359,Male,New York,34,GGOEAAAJ032425,Dokotoo Tops for Women Trendy Summer Casual,Dokotoo Tops for Women Trendy Summer Casual Cap Short Sleeve Basic Textured Solid Color Round Neck T Shirts Blouse,Apparel,100000,19.98,1008838,"2021-01-30",17.98,1,ELEC10,Discount 10%,Used,10.00,PM01,Card,1,2,1
12489,Male,California,21,GGOEAAAJ032415,ANRABESS Women's Summer 2 Piece Outfits,ANRABESS Women's Summer 2 Piece Outfits Sleeveless Tank Crop Button Back Top Capri Wide Leg Pants Linen Set with Pockets,Apparel,100000,36.99,1009444,"2021-11-28",99.87,3,ELEC10,Discount 10%,Used,10.00,PM01,Card,1,1,1
12480,Male,California,54,GGOEAAAJ032415,ANRABESS Women's Summer 2 Piece Outfits,ANRABESS Women's Summer 2 Piece Outfits Sleeveless Tank Crop Button Back Top Capri Wide Leg Pants Linen Set with Pockets,Apparel,100000,36.99,1009664,"2021-09-27",33.29,1,ELEC10,Discount 10%,Used,10.00,PM01,Card,1,1,1
12474,Female,New York,29,GGOEAAAJ032415,ANRABESS Women's Summer 2 Piece Outfits,ANRABESS Women's Summer 2 Piece Outfits Sleeveless Tank Crop Button Back Top Capri Wide Leg Pants Linen Set with Pockets,Apparel,100000,36.99,1009730,"2021-05-14",33.29,1,ELEC10,Discount 10%,Used,10.00,PM02,Paypal,1,2,1
12490,Female,New York,54,GGOEAAAJ032415,ANRABESS Women's Summer 2 Piece Outfits,ANRABESS Women's Summer 2 Piece Outfits Sleeveless Tank Crop Button Back Top Capri Wide Leg Pants Linen Set with Pockets,Apparel,100000,36.99,1009738,"2021-05-24",33.29,1,ELEC10,Discount 10%,Used,10.00,PM02,Paypal,1,2,1
12393,Female,Chicago,38,GGOEAAAJ032455,yageyan Men Canvas Low top Shoes,yageyan Men Canvas Low top Shoes Classic Casual Sneakers Black and White Fashion Shoes,Apparel,100000,24.99,1009828,"2021-03-18",1124.55,45,OFF20,Discount 20%,Clicked,20.00,PM01,Card,2,3,1
12484,Male,California,48,GGOEAAAJ032415,ANRABESS Women's Summer 2 Piece Outfits,ANRABESS Women's Summer 2 Piece Outfits Sleeveless Tank Crop Button Back Top Capri Wide Leg Pants Linen Set with Pockets,Apparel,100000,36.99,1009858,"2021-01-10",33.29,1,ELEC10,Discount 10%,Used,10.00,PM02,Paypal,1,1,1
